week_start,class,weighted_n,prevalence
2020-06-29T00:00:00Z,Trusting compliers,271.3948790279999,0.29294299797340845
2020-06-29T00:00:00Z,Disengaged/low-compliance,117.66463543799999,0.12700693242299424
2020-06-29T00:00:00Z,Compliant sceptics,537.3831071550003,0.5800500696035973
2020-07-06T00:00:00Z,Trusting compliers,279.1578375790001,0.29571439320814324
2020-07-06T00:00:00Z,Disengaged/low-compliance,152.99652097399996,0.1620705825605909
2020-07-06T00:00:00Z,Compliant sceptics,511.85730943000027,0.5422150242312659
2020-07-20T00:00:00Z,Trusting compliers,255.439740118,0.266123456698217
2020-07-20T00:00:00Z,Disengaged/low-compliance,174.73534625000005,0.1820436175276748
2020-07-20T00:00:00Z,Compliant sceptics,529.6791981330002,0.5518329257741083
2020-07-27T00:00:00Z,Trusting compliers,268.0764057250001,0.28508018945570446
2020-07-27T00:00:00Z,Disengaged/low-compliance,160.7726268890001,0.17097025308457856
2020-07-27T00:00:00Z,Compliant sceptics,511.50535061,0.543949557459717
2020-08-03T00:00:00Z,Trusting compliers,234.71134733999995,0.23914595303439976
2020-08-03T00:00:00Z,Disengaged/low-compliance,155.90362768499998,0.15884925056580587
2020-08-03T00:00:00Z,Compliant sceptics,590.8415136250007,0.6020047963997943
2020-08-10T00:00:00Z,Trusting compliers,226.45512512600004,0.24062305610818602
2020-08-10T00:00:00Z,Disengaged/low-compliance,183.95748166300004,0.19546659148070886
2020-08-10T00:00:00Z,Compliant sceptics,530.7072043740002,0.5639103524111051
2020-08-17T00:00:00Z,Trusting compliers,187.72230286099992,0.1968364050593043
2020-08-17T00:00:00Z,Disengaged/low-compliance,204.58441333200014,0.21451718755685423
2020-08-17T00:00:00Z,Compliant sceptics,561.390354247001,0.5886464073838414
2020-08-24T00:00:00Z,Trusting compliers,218.67093896999998,0.23148293807930823
2020-08-24T00:00:00Z,Disengaged/low-compliance,210.08758583500014,0.22239668358375958
2020-08-24T00:00:00Z,Compliant sceptics,515.8939873170003,0.5461203783369323
2020-08-31T00:00:00Z,Trusting compliers,236.29660358700022,0.24334589565010167
2020-08-31T00:00:00Z,Disengaged/low-compliance,218.47706947900014,0.2249947622789347
2020-08-31T00:00:00Z,Compliant sceptics,516.258129035,0.5316593420709637
2020-09-07T00:00:00Z,Trusting compliers,217.77384228900002,0.2257865568216049
2020-09-07T00:00:00Z,Disengaged/low-compliance,217.55943552199994,0.22556426122737117
2020-09-07T00:00:00Z,Compliant sceptics,529.1787168559998,0.548649181951024
2020-09-14T00:00:00Z,Trusting compliers,157.513140682,0.1671556797764967
2020-09-14T00:00:00Z,Disengaged/low-compliance,200.27418124800005,0.21253443848076592
2020-09-14T00:00:00Z,Compliant sceptics,584.5266987039998,0.6203098817427374
2020-09-21T00:00:00Z,Trusting compliers,202.66125891899995,0.21368874503365007
2020-09-21T00:00:00Z,Disengaged/low-compliance,173.49688879599995,0.18293744266573372
2020-09-21T00:00:00Z,Compliant sceptics,572.2364852689993,0.6033738123006162
2020-09-28T00:00:00Z,Trusting compliers,221.9517764010001,0.21921630306701706
2020-09-28T00:00:00Z,Disengaged/low-compliance,171.79532794500005,0.16967801423786677
2020-09-28T00:00:00Z,Compliant sceptics,618.7313167190006,0.6111056826951162
2020-10-12T00:00:00Z,Trusting compliers,181.463190873,0.19555645312382322
2020-10-12T00:00:00Z,Disengaged/low-compliance,152.01833990099993,0.16382478020910074
2020-10-12T00:00:00Z,Compliant sceptics,594.4509816760004,0.6406187666670761
2020-10-26T00:00:00Z,Trusting compliers,206.21400106199994,0.21905474993414661
2020-10-26T00:00:00Z,Disengaged/low-compliance,154.1946337440001,0.16379618630174347
2020-10-26T00:00:00Z,Compliant sceptics,580.9724634079993,0.6171490637641099
2020-11-09T00:00:00Z,Trusting compliers,218.81057345500008,0.22950454383478247
2020-11-09T00:00:00Z,Disengaged/low-compliance,109.90296690899994,0.11527427531616317
2020-11-09T00:00:00Z,Compliant sceptics,624.6905613539998,0.6552211808490545
2020-12-14T00:00:00Z,Trusting compliers,207.40101218500007,0.22279267116091236
2020-12-14T00:00:00Z,Disengaged/low-compliance,93.96499607100002,0.10093833318233342
2020-12-14T00:00:00Z,Compliant sceptics,629.5488692589984,0.6762689956567542
2020-12-28T00:00:00Z,Trusting compliers,228.365240351,0.2462118369895463
2020-12-28T00:00:00Z,Disengaged/low-compliance,54.911853495,0.05920317952383853
2020-12-28T00:00:00Z,Compliant sceptics,644.2381838240009,0.6945849834866152
2021-01-11T00:00:00Z,Trusting compliers,216.70428609999988,0.230495223833917
2021-01-11T00:00:00Z,Disengaged/low-compliance,63.557991627,0.06760278612920151
2021-01-11T00:00:00Z,Compliant sceptics,659.9059500369987,0.7019019900368816
2021-01-25T00:00:00Z,Trusting compliers,306.0739400749999,0.32059486777233925
2021-01-25T00:00:00Z,Disengaged/low-compliance,57.906006616000006,0.06065321513400239
2021-01-25T00:00:00Z,Compliant sceptics,590.7263535119997,0.6187519170936584
2021-02-08T00:00:00Z,Trusting compliers,317.3414375350002,0.3375981465270598
2021-02-08T00:00:00Z,Disengaged/low-compliance,59.541247389999995,0.06334191625559822
2021-02-08T00:00:00Z,Compliant sceptics,563.1148855580003,0.5990599372173421
2021-02-22T00:00:00Z,Trusting compliers,371.2742388540001,0.3956366654899252
2021-02-22T00:00:00Z,Disengaged/low-compliance,58.88435733,0.0627482554552342
2021-02-22T00:00:00Z,Compliant sceptics,508.26362612000054,0.5416150790548406
2021-03-08T00:00:00Z,Trusting compliers,361.9935242689999,0.38639177740415975
2021-03-08T00:00:00Z,Disengaged/low-compliance,80.88239237500001,0.08633384095361087
2021-03-08T00:00:00Z,Compliant sceptics,493.98026259699964,0.5272743816422293
2021-03-22T00:00:00Z,Trusting compliers,328.1196679079999,0.3534167548528057
2021-03-22T00:00:00Z,Disengaged/low-compliance,91.111248622,0.0981356650269526
2021-03-22T00:00:00Z,Compliant sceptics,509.1904539979996,0.5484475801202418
2021-04-05T00:00:00Z,Trusting compliers,373.45259292500015,0.39170235677593507
2021-04-05T00:00:00Z,Disengaged/low-compliance,94.390197234,0.09900282770436768
2021-04-05T00:00:00Z,Compliant sceptics,485.5663136280002,0.5092948155196972
2021-04-19T00:00:00Z,Trusting compliers,348.7045972049999,0.36718650020312
2021-04-19T00:00:00Z,Disengaged/low-compliance,126.20546385400002,0.13289455588054166
2021-04-19T00:00:00Z,Compliant sceptics,474.7561086179999,0.49991894391633834
2021-05-03T00:00:00Z,Trusting compliers,394.02613596200047,0.41988505468572285
2021-05-03T00:00:00Z,Disengaged/low-compliance,127.47095158099998,0.13583654126078334
2021-05-03T00:00:00Z,Compliant sceptics,416.9172036179998,0.4442784040534937
2021-05-17T00:00:00Z,Trusting compliers,300.2025561379999,0.3143736563153623
2021-05-17T00:00:00Z,Disengaged/low-compliance,186.0887190089999,0.1948730608643082
2021-05-17T00:00:00Z,Compliant sceptics,468.6314739680002,0.49075328282032954
2021-05-31T00:00:00Z,Trusting compliers,277.68487585600036,0.29267173384592926
2021-05-31T00:00:00Z,Disengaged/low-compliance,252.0558256910002,0.265659464900808
2021-05-31T00:00:00Z,Compliant sceptics,419.0522420250002,0.44166880125326285
2021-06-14T00:00:00Z,Trusting compliers,248.2608684299999,0.2766201938163703
2021-06-14T00:00:00Z,Disengaged/low-compliance,251.57286955799992,0.2803105313219999
2021-06-14T00:00:00Z,Compliant sceptics,397.64545543199944,0.4430692748616297
2021-06-28T00:00:00Z,Trusting compliers,231.7329777800002,0.237326528562911
2021-06-28T00:00:00Z,Disengaged/low-compliance,278.66414385199977,0.2853905151045727
2021-06-28T00:00:00Z,Compliant sceptics,466.03387065199985,0.47728295633251633
2021-07-12T00:00:00Z,Trusting compliers,206.93716595200004,0.2250443370717337
2021-07-12T00:00:00Z,Disengaged/low-compliance,275.8039449250001,0.2999370154794358
2021-07-12T00:00:00Z,Compliant sceptics,436.79842806300013,0.4750186474488305
2021-07-26T00:00:00Z,Trusting compliers,206.41967919000012,0.22175098697898504
2021-07-26T00:00:00Z,Disengaged/low-compliance,305.0929383109997,0.3277529567736111
2021-07-26T00:00:00Z,Compliant sceptics,419.3498873389997,0.4504960562474039
2021-08-09T00:00:00Z,Trusting compliers,192.41548902699984,0.2040256345014126
2021-08-09T00:00:00Z,Disengaged/low-compliance,355.2568171759999,0.37669263478635584
2021-08-09T00:00:00Z,Compliant sceptics,395.42236666600013,0.41928173071223157
2021-08-23T00:00:00Z,Trusting compliers,175.57325876400003,0.17273449413805972
2021-08-23T00:00:00Z,Disengaged/low-compliance,431.13107475599975,0.424160311367675
2021-08-23T00:00:00Z,Compliant sceptics,409.7299324909998,0.4031051944942653
2021-09-06T00:00:00Z,Trusting compliers,164.000964674,0.1756192764662902
2021-09-06T00:00:00Z,Disengaged/low-compliance,402.04404669799965,0.43052603214275953
2021-09-06T00:00:00Z,Compliant sceptics,367.798744131,0.39385469139095036
2021-09-20T00:00:00Z,Trusting compliers,145.05755696100002,0.1595270332484548
2021-09-20T00:00:00Z,Disengaged/low-compliance,388.9609313360008,0.4277597439633618
2021-09-20T00:00:00Z,Compliant sceptics,375.27916494200025,0.4127132227881835
2021-10-04T00:00:00Z,Trusting compliers,156.72533642200008,0.15966214916277074
2021-10-04T00:00:00Z,Disengaged/low-compliance,442.52872185200016,0.4508210887287413
2021-10-04T00:00:00Z,Compliant sceptics,382.3520220890001,0.38951676210848796
2021-10-18T00:00:00Z,Trusting compliers,108.712897996,0.11785010892305206
2021-10-18T00:00:00Z,Disengaged/low-compliance,440.3504170080005,0.47736143148914767
2021-10-18T00:00:00Z,Compliant sceptics,373.4042074230002,0.40478845958780024
2021-11-01T00:00:00Z,Trusting compliers,110.67265409100003,0.12022359008607504
2021-11-01T00:00:00Z,Disengaged/low-compliance,395.73730619500026,0.42988902789514166
2021-11-01T00:00:00Z,Compliant sceptics,414.1469288549999,0.4498873820187833
2021-11-15T00:00:00Z,Trusting compliers,118.20400041899998,0.1266529601788526
2021-11-15T00:00:00Z,Disengaged/low-compliance,435.61593232900026,0.4667527929255289
2021-11-15T00:00:00Z,Compliant sceptics,379.4705347790005,0.4065942468956184
2021-11-29T00:00:00Z,Trusting compliers,126.63547421399994,0.13912537538001082
2021-11-29T00:00:00Z,Disengaged/low-compliance,363.43724656199976,0.39928261546657384
2021-11-29T00:00:00Z,Compliant sceptics,420.1528499949999,0.46159200915341525
2021-12-13T00:00:00Z,Trusting compliers,133.36496195700002,0.14553611669539168
2021-12-13T00:00:00Z,Disengaged/low-compliance,357.1052694580004,0.38969541479069847
2021-12-13T00:00:00Z,Compliant sceptics,425.8999795350004,0.4647684685139099
2021-12-27T00:00:00Z,Trusting compliers,149.00987488599992,0.16641660444130646
2021-12-27T00:00:00Z,Disengaged/low-compliance,301.937157728,0.33720823255636373
2021-12-27T00:00:00Z,Compliant sceptics,444.4556550340003,0.4963751630023298
2022-01-10T00:00:00Z,Trusting compliers,132.96598591299997,0.13896735598473622
2022-01-10T00:00:00Z,Disengaged/low-compliance,356.56204879999996,0.3726553435903338
2022-01-10T00:00:00Z,Compliant sceptics,467.28649896499974,0.48837730042493
2022-01-24T00:00:00Z,Trusting compliers,164.2837030300001,0.17531815543053902
2022-01-24T00:00:00Z,Disengaged/low-compliance,395.84692115699994,0.42243479280126867
2022-01-24T00:00:00Z,Compliant sceptics,376.9297882189999,0.4022470517681923
2022-02-07T00:00:00Z,Trusting compliers,155.46997372500007,0.1682487542611504
2022-02-07T00:00:00Z,Disengaged/low-compliance,434.69089222700006,0.4704201033392226
2022-02-07T00:00:00Z,Compliant sceptics,333.8874243769997,0.361331142399627
2022-02-21T00:00:00Z,Trusting compliers,115.97365716699997,0.1313554394854138
2022-02-21T00:00:00Z,Disengaged/low-compliance,421.89548813700014,0.4778522003608762
2022-02-21T00:00:00Z,Compliant sceptics,345.03039522000023,0.39079236015371005
